404,http://live.cmschina.com/404,,1518,200,545,12,14,text/html;charset=UTF-8,
404,https://live.cmschina.com/404,,1518,200,545,12,14,text/html;charset=UTF-8,
FUZZ,url,redirectlocation,position,status_code,content_length,content_words,content_lines,content_type,resultfile
FUZZ,url,redirectlocation,position,status_code,content_length,content_words,content_lines,content_type,resultfile
FUZZ,url,redirectlocation,position,status_code,content_length,content_words,content_lines,content_type,resultfile
FUZZ,url,redirectlocation,position,status_code,content_length,content_words,content_lines,content_type,resultfile
FUZZ,url,redirectlocation,position,status_code,content_length,content_words,content_lines,content_type,resultfile
FUZZ,url,redirectlocation,position,status_code,content_length,content_words,content_lines,content_type,resultfile
FUZZ,url,redirectlocation,position,status_code,content_length,content_words,content_lines,content_type,resultfile
FUZZ,url,redirectlocation,position,status_code,content_length,content_words,content_lines,content_type,resultfile
FUZZ,url,redirectlocation,position,status_code,content_length,content_words,content_lines,content_type,resultfile
FUZZ,url,redirectlocation,position,status_code,content_length,content_words,content_lines,content_type,resultfile
FUZZ,url,redirectlocation,position,status_code,content_length,content_words,content_lines,content_type,resultfile
FUZZ,url,redirectlocation,position,status_code,content_length,content_words,content_lines,content_type,resultfile
FUZZ,url,redirectlocation,position,status_code,content_length,content_words,content_lines,content_type,resultfile
FUZZ,url,redirectlocation,position,status_code,content_length,content_words,content_lines,content_type,resultfile
FUZZ,url,redirectlocation,position,status_code,content_length,content_words,content_lines,content_type,resultfile
FUZZ,url,redirectlocation,position,status_code,content_length,content_words,content_lines,content_type,resultfile
FUZZ,url,redirectlocation,position,status_code,content_length,content_words,content_lines,content_type,resultfile
FUZZ,url,redirectlocation,position,status_code,content_length,content_words,content_lines,content_type,resultfile
FUZZ,url,redirectlocation,position,status_code,content_length,content_words,content_lines,content_type,resultfile
FUZZ,url,redirectlocation,position,status_code,content_length,content_words,content_lines,content_type,resultfile
FUZZ,url,redirectlocation,position,status_code,content_length,content_words,content_lines,content_type,resultfile
FUZZ,url,redirectlocation,position,status_code,content_length,content_words,content_lines,content_type,resultfile
FUZZ,url,redirectlocation,position,status_code,content_length,content_words,content_lines,content_type,resultfile
FUZZ,url,redirectlocation,position,status_code,content_length,content_words,content_lines,content_type,resultfile
FUZZ,url,redirectlocation,position,status_code,content_length,content_words,content_lines,content_type,resultfile
FUZZ,url,redirectlocation,position,status_code,content_length,content_words,content_lines,content_type,resultfile
FUZZ,url,redirectlocation,position,status_code,content_length,content_words,content_lines,content_type,resultfile
FUZZ,url,redirectlocation,position,status_code,content_length,content_words,content_lines,content_type,resultfile
FUZZ,url,redirectlocation,position,status_code,content_length,content_words,content_lines,content_type,resultfile
FUZZ,url,redirectlocation,position,status_code,content_length,content_words,content_lines,content_type,resultfile
FUZZ,url,redirectlocation,position,status_code,content_length,content_words,content_lines,content_type,resultfile
FUZZ,url,redirectlocation,position,status_code,content_length,content_words,content_lines,content_type,resultfile
FUZZ,url,redirectlocation,position,status_code,content_length,content_words,content_lines,content_type,resultfile
FUZZ,url,redirectlocation,position,status_code,content_length,content_words,content_lines,content_type,resultfile
FUZZ,url,redirectlocation,position,status_code,content_length,content_words,content_lines,content_type,resultfile
FUZZ,url,redirectlocation,position,status_code,content_length,content_words,content_lines,content_type,resultfile
FUZZ,url,redirectlocation,position,status_code,content_length,content_words,content_lines,content_type,resultfile
FUZZ,url,redirectlocation,position,status_code,content_length,content_words,content_lines,content_type,resultfile
FUZZ,url,redirectlocation,position,status_code,content_length,content_words,content_lines,content_type,resultfile
FUZZ,url,redirectlocation,position,status_code,content_length,content_words,content_lines,content_type,resultfile
FUZZ,url,redirectlocation,position,status_code,content_length,content_words,content_lines,content_type,resultfile
FUZZ,url,redirectlocation,position,status_code,content_length,content_words,content_lines,content_type,resultfile
FUZZ,url,redirectlocation,position,status_code,content_length,content_words,content_lines,content_type,resultfile
FUZZ,url,redirectlocation,position,status_code,content_length,content_words,content_lines,content_type,resultfile
FUZZ,url,redirectlocation,position,status_code,content_length,content_words,content_lines,content_type,resultfile
FUZZ,url,redirectlocation,position,status_code,content_length,content_words,content_lines,content_type,resultfile
FUZZ,url,redirectlocation,position,status_code,content_length,content_words,content_lines,content_type,resultfile
FUZZ,url,redirectlocation,position,status_code,content_length,content_words,content_lines,content_type,resultfile
FUZZ,url,redirectlocation,position,status_code,content_length,content_words,content_lines,content_type,resultfile
FUZZ,url,redirectlocation,position,status_code,content_length,content_words,content_lines,content_type,resultfile
FUZZ,url,redirectlocation,position,status_code,content_length,content_words,content_lines,content_type,resultfile
FUZZ,url,redirectlocation,position,status_code,content_length,content_words,content_lines,content_type,resultfile
FUZZ,url,redirectlocation,position,status_code,content_length,content_words,content_lines,content_type,resultfile
FUZZ,url,redirectlocation,position,status_code,content_length,content_words,content_lines,content_type,resultfile
FUZZ,url,redirectlocation,position,status_code,content_length,content_words,content_lines,content_type,resultfile
FUZZ,url,redirectlocation,position,status_code,content_length,content_words,content_lines,content_type,resultfile
FUZZ,url,redirectlocation,position,status_code,content_length,content_words,content_lines,content_type,resultfile
FUZZ,url,redirectlocation,position,status_code,content_length,content_words,content_lines,content_type,resultfile
FUZZ,url,redirectlocation,position,status_code,content_length,content_words,content_lines,content_type,resultfile
FUZZ,url,redirectlocation,position,status_code,content_length,content_words,content_lines,content_type,resultfile
FUZZ,url,redirectlocation,position,status_code,content_length,content_words,content_lines,content_type,resultfile
FUZZ,url,redirectlocation,position,status_code,content_length,content_words,content_lines,content_type,resultfile
FUZZ,url,redirectlocation,position,status_code,content_length,content_words,content_lines,content_type,resultfile
FUZZ,url,redirectlocation,position,status_code,content_length,content_words,content_lines,content_type,resultfile
FUZZ,url,redirectlocation,position,status_code,content_length,content_words,content_lines,content_type,resultfile
FUZZ,url,redirectlocation,position,status_code,content_length,content_words,content_lines,content_type,resultfile
README.md,http://live.cmschina.com/README.md,,1985,200,400,21,9,application/octet-stream;charset=UTF-8,
README.md,https://live.cmschina.com/README.md,,1985,200,400,21,9,application/octet-stream;charset=UTF-8,
README.md,https://live.cmschina.com/README.md,,7803,200,400,21,9,application/octet-stream;charset=UTF-8,
admin/login.do,http://livemanage.cmschina.com/admin/login.do,,2887,200,66,3,1,application/json;charset=UTF-8,
admin/login.do,https://livemanage.cmschina.com/admin/login.do,,2887,200,66,3,1,application/json;charset=UTF-8,
admin/login.htm,http://livemanage.cmschina.com/admin/login.htm,,2888,200,66,3,1,application/json;charset=UTF-8,
admin/login.htm,https://livemanage.cmschina.com/admin/login.htm,,2888,200,66,3,1,application/json;charset=UTF-8,
api,https://cmstmx.cdn.cmschina.com/api,,3563,200,37,1,1,text/html;charset=utf-8,
api,https://cmstmx.cmschina.com/api,,3563,200,37,1,1,text/html;charset=utf-8,
api-doc,https://cmstmx.cdn.cmschina.com/api-doc,,3564,200,37,1,1,text/html;charset=utf-8,
api-doc,https://cmstmx.cmschina.com/api-doc,,3564,200,37,1,1,text/html;charset=utf-8,
api-docs,https://cmstmx.cdn.cmschina.com/api-docs,,3565,200,37,1,1,text/html;charset=utf-8,
api-docs,https://cmstmx.cmschina.com/api-docs,,3565,200,37,1,1,text/html;charset=utf-8,
api.log,https://cmstmx.cdn.cmschina.com/api.log,,3566,200,37,1,1,text/html;charset=utf-8,
api.log,https://cmstmx.cmschina.com/api.log,,3566,200,37,1,1,text/html;charset=utf-8,
api.php,https://cmstmx.cdn.cmschina.com/api.php,,3567,200,37,1,1,text/html;charset=utf-8,
api.php,https://cmstmx.cmschina.com/api.php,,3567,200,37,1,1,text/html;charset=utf-8,
api.py,https://cmstmx.cdn.cmschina.com/api.py,,3568,200,37,1,1,text/html;charset=utf-8,
api.py,https://cmstmx.cmschina.com/api.py,,3568,200,37,1,1,text/html;charset=utf-8,
api/,https://cmstmx.cdn.cmschina.com/api/,,3569,200,40,1,1,text/html;charset=utf-8,
api/,https://cmstmx.cmschina.com/api/,,3569,200,40,1,1,text/html;charset=utf-8,
api/2/explore/,https://cmstmx.cdn.cmschina.com/api/2/explore/,,3570,200,40,1,1,text/html;charset=utf-8,
api/2/explore/,https://cmstmx.cmschina.com/api/2/explore/,,3570,200,40,1,1,text/html;charset=utf-8,
api/2/issue/createmeta,https://cmstmx.cdn.cmschina.com/api/2/issue/createmeta,,3571,200,40,1,1,text/html;charset=utf-8,
api/2/issue/createmeta,https://cmstmx.cmschina.com/api/2/issue/createmeta,,3571,200,40,1,1,text/html;charset=utf-8,
api/error_log,https://cmstmx.cdn.cmschina.com/api/error_log,,3572,200,40,1,1,text/html;charset=utf-8,
api/error_log,https://cmstmx.cmschina.com/api/error_log,,3572,200,40,1,1,text/html;charset=utf-8,
api/jsonws,https://cmstmx.cdn.cmschina.com/api/jsonws,,3573,200,40,1,1,text/html;charset=utf-8,
api/jsonws,https://cmstmx.cmschina.com/api/jsonws,,3573,200,40,1,1,text/html;charset=utf-8,
api/jsonws/invoke,https://cmstmx.cdn.cmschina.com/api/jsonws/invoke,,3574,200,40,1,1,text/html;charset=utf-8,
api/jsonws/invoke,https://cmstmx.cmschina.com/api/jsonws/invoke,,3574,200,40,1,1,text/html;charset=utf-8,
api/login.json,https://cmstmx.cdn.cmschina.com/api/login.json,,3575,200,40,1,1,text/html;charset=utf-8,
api/login.json,https://cmstmx.cmschina.com/api/login.json,,3575,200,40,1,1,text/html;charset=utf-8,
api/package_search/v4/documentation,https://cmstmx.cdn.cmschina.com/api/package_search/v4/documentation,,3576,200,40,1,1,text/html;charset=utf-8,
api/package_search/v4/documentation,https://cmstmx.cmschina.com/api/package_search/v4/documentation,,3576,200,40,1,1,text/html;charset=utf-8,
api/swagger,https://cmstmx.cdn.cmschina.com/api/swagger,,3577,200,40,1,1,text/html;charset=utf-8,
api/swagger,https://cmstmx.cmschina.com/api/swagger,,3577,200,40,1,1,text/html;charset=utf-8,
api/swagger-ui.html,https://cmstmx.cdn.cmschina.com/api/swagger-ui.html,,3578,200,40,1,1,text/html;charset=utf-8,
api/swagger-ui.html,https://cmstmx.cmschina.com/api/swagger-ui.html,,3578,200,40,1,1,text/html;charset=utf-8,
api/swagger.yml,https://cmstmx.cdn.cmschina.com/api/swagger.yml,,3579,200,40,1,1,text/html;charset=utf-8,
api/swagger.yml,https://cmstmx.cmschina.com/api/swagger.yml,,3579,200,40,1,1,text/html;charset=utf-8,
api/v1,https://cmstmx.cdn.cmschina.com/api/v1,,3580,200,40,1,1,text/html;charset=utf-8,
api/v1,https://cmstmx.cmschina.com/api/v1,,3580,200,40,1,1,text/html;charset=utf-8,
api/v2,https://cmstmx.cdn.cmschina.com/api/v2,,3581,200,40,1,1,text/html;charset=utf-8,
api/v2,https://cmstmx.cmschina.com/api/v2,,3581,200,40,1,1,text/html;charset=utf-8,
api/v2/helpdesk/discover,https://cmstmx.cdn.cmschina.com/api/v2/helpdesk/discover,,3582,200,40,1,1,text/html;charset=utf-8,
api/v2/helpdesk/discover,https://cmstmx.cmschina.com/api/v2/helpdesk/discover,,3582,200,40,1,1,text/html;charset=utf-8,
api/v3,https://cmstmx.cdn.cmschina.com/api/v3,,3583,200,40,1,1,text/html;charset=utf-8,
api/v3,https://cmstmx.cmschina.com/api/v3,,3583,200,40,1,1,text/html;charset=utf-8,
apibuild.pyc,https://cmstmx.cdn.cmschina.com/apibuild.pyc,,3584,200,37,1,1,text/html;charset=utf-8,
apibuild.pyc,https://cmstmx.cmschina.com/apibuild.pyc,,3584,200,37,1,1,text/html;charset=utf-8,
apidoc,https://cmstmx.cdn.cmschina.com/apidoc,,3585,200,37,1,1,text/html;charset=utf-8,
apidoc,https://cmstmx.cmschina.com/apidoc,,3585,200,37,1,1,text/html;charset=utf-8,
apidocs,https://cmstmx.cdn.cmschina.com/apidocs,,3586,200,37,1,1,text/html;charset=utf-8,
apidocs,https://cmstmx.cmschina.com/apidocs,,3586,200,37,1,1,text/html;charset=utf-8,
apiserver-aggregator-ca.cert,https://cmstmx.cdn.cmschina.com/apiserver-aggregator-ca.cert,,3587,200,37,1,1,text/html;charset=utf-8,
apiserver-aggregator-ca.cert,https://cmstmx.cmschina.com/apiserver-aggregator-ca.cert,,3587,200,37,1,1,text/html;charset=utf-8,
apiserver-aggregator.cert,https://cmstmx.cdn.cmschina.com/apiserver-aggregator.cert,,3588,200,37,1,1,text/html;charset=utf-8,
apiserver-aggregator.cert,https://cmstmx.cmschina.com/apiserver-aggregator.cert,,3588,200,37,1,1,text/html;charset=utf-8,
apiserver-aggregator.key,https://cmstmx.cdn.cmschina.com/apiserver-aggregator.key,,3589,200,37,1,1,text/html;charset=utf-8,
apiserver-aggregator.key,https://cmstmx.cmschina.com/apiserver-aggregator.key,,3589,200,37,1,1,text/html;charset=utf-8,
apiserver-client.crt,https://cmstmx.cdn.cmschina.com/apiserver-client.crt,,3590,200,37,1,1,text/html;charset=utf-8,
apiserver-client.crt,https://cmstmx.cmschina.com/apiserver-client.crt,,3590,200,37,1,1,text/html;charset=utf-8,
apiserver-key.pem,https://cmstmx.cdn.cmschina.com/apiserver-key.pem,,3591,200,37,1,1,text/html;charset=utf-8,
apiserver-key.pem,https://cmstmx.cmschina.com/apiserver-key.pem,,3591,200,37,1,1,text/html;charset=utf-8,
crossdomain.xml,http://live.cmschina.com/crossdomain.xml,,4686,200,158,5,4,text/xml; charset=UTF-8,
crossdomain.xml,http://livemanage.cmschina.com/crossdomain.xml,,4686,200,279,16,7,text/xml; charset=UTF-8,
crossdomain.xml,https://live.cmschina.com/crossdomain.xml,,4686,200,158,5,4,text/xml; charset=UTF-8,
crossdomain.xml,https://livemanage.cmschina.com/crossdomain.xml,,4686,200,279,16,7,text/xml; charset=UTF-8,
error.html,http://livemanage.cmschina.com/error.html,,5166,200,1535,40,1,text/html; charset=UTF-8,
error.html,https://livemanage.cmschina.com/error.html,,5166,200,1535,40,1,text/html; charset=UTF-8,
favicon.ico,http://live.cmschina.com/favicon.ico,,5306,200,4286,6,1,image/x-icon,
favicon.ico,http://livemanage.cmschina.com/favicon.ico,,5306,200,4286,6,1,image/x-icon,
favicon.ico,http://livemanage.cmschina.com/static/images/favicon.ico,,5306,200,4286,6,1,image/x-icon,
favicon.ico,https://live.cmschina.com/favicon.ico,,5306,200,4286,6,1,image/x-icon,
favicon.ico,https://livemanage.cmschina.com/favicon.ico,,5306,200,4286,6,1,image/x-icon,
favicon.ico,https://livemanage.cmschina.com/static/images/favicon.ico,,5306,200,4286,6,1,image/x-icon,
favicon.ico,https://trcbroker1.cmschina.com.hk/favicon.ico,,5306,200,54294,186,64,text/plain,
favicon.ico,https://wzqcdn.cmschina.com/favicon.ico,,5306,200,4286,6,6,image/x-icon,
gulpfile.js,http://live.cmschina.com/gulpfile.js,,5592,200,9535,1190,395,application/javascript;charset=UTF-8,
gulpfile.js,https://live.cmschina.com/gulpfile.js,,5592,200,9535,1190,395,application/javascript;charset=UTF-8,
index.html,http://livemanage.cmschina.com/index.html,,5852,200,8936,844,58,text/html; charset=UTF-8,
index.html,https://livemanage.cmschina.com/index.html,,5852,200,8936,844,58,text/html; charset=UTF-8,
index.html,https://uatcustomer.cmschina.com.hk/index.html,,5852,200,6,1,2,text/html; charset=UTF-8,
index.jsp,https://trcbroker1.cmschina.com.hk/index.jsp,,5855,200,2688,205,92,text/html; charset=UTF-8,
login.htm,http://livemanage.cmschina.com/login.htm,,6341,200,2328,396,77,text/html;charset=UTF-8,
login.htm,https://livemanage.cmschina.com/login.htm,,6341,200,2328,396,77,text/html;charset=UTF-8,
package-lock.json,https://live.cmschina.com/package-lock.json,,7054,200,651299,168282,18722,application/json;charset=UTF-8,
package.json,http://live.cmschina.com/package.json,,7055,200,2298,355,75,application/json;charset=UTF-8,
package.json,https://live.cmschina.com/package.json,,7055,200,2298,355,75,application/json;charset=UTF-8,
src/index.js,https://live.cmschina.com/src/index.js,,8395,200,813,25,27,application/javascript;charset=UTF-8,
swagger-resources,https://live.cmschina.com/swagger-resources,,8550,200,112,1,1,application/json;charset=UTF-8,
template/,https://fp.cmschina.com.hk/template/,,8701,200,47485,15777,914,text/html; charset=utf-8,
user.html,http://livemanage.cmschina.com/user.html,,9007,200,1708,40,1,text/html; charset=UTF-8,
user.html,https://livemanage.cmschina.com/user.html,,9007,200,1708,40,1,text/html; charset=UTF-8,
ws.php,https://cmstmx.cdn.cmschina.com/ws.php,,9572,200,719,91,11,text/html,
ws.php,https://cmstmx.cmschina.com/ws.php,,9572,200,719,91,11,text/html,
ws_ftp.ini,https://cmstmx.cdn.cmschina.com/ws_ftp.ini,,9574,200,719,91,11,text/html,
ws_ftp.ini,https://cmstmx.cmschina.com/ws_ftp.ini,,9574,200,719,91,11,text/html,
wsadmin.traceout,https://cmstmx.cdn.cmschina.com/wsadmin.traceout,,9579,200,719,91,11,text/html,
wsadmin.traceout,https://cmstmx.cmschina.com/wsadmin.traceout,,9579,200,719,91,11,text/html,
wsadmin.valout,https://cmstmx.cdn.cmschina.com/wsadmin.valout,,9580,200,719,91,11,text/html,
wsadmin.valout,https://cmstmx.cmschina.com/wsadmin.valout,,9580,200,719,91,11,text/html,
wsadminListener.out,https://cmstmx.cdn.cmschina.com/wsadminListener.out,,9581,200,719,91,11,text/html,
wsadminListener.out,https://cmstmx.cmschina.com/wsadminListener.out,,9581,200,719,91,11,text/html,
wshell.php,https://cmstmx.cdn.cmschina.com/wshell.php,,9582,200,719,91,11,text/html,
wshell.php,https://cmstmx.cmschina.com/wshell.php,,9582,200,719,91,11,text/html,
wsman,https://cmstmx.cdn.cmschina.com/wsman,,9583,200,719,91,11,text/html,
wsman,https://cmstmx.cmschina.com/wsman,,9583,200,719,91,11,text/html,
wso.php,https://cmstmx.cdn.cmschina.com/wso.php,,9585,200,719,91,11,text/html,
wso.php,https://cmstmx.cmschina.com/wso.php,,9585,200,719,91,11,text/html,
wso2.5.1.php,https://cmstmx.cdn.cmschina.com/wso2.5.1.php,,9586,200,719,91,11,text/html,
wso2.5.1.php,https://cmstmx.cmschina.com/wso2.5.1.php,,9586,200,719,91,11,text/html,
wso2.php,https://cmstmx.cdn.cmschina.com/wso2.php,,9587,200,719,91,11,text/html,
wso2.php,https://cmstmx.cmschina.com/wso2.php,,9587,200,719,91,11,text/html,
wstats,https://cmstmx.cdn.cmschina.com/wstats,,9589,200,719,91,11,text/html,
wstats,https://cmstmx.cmschina.com/wstats,,9589,200,719,91,11,text/html,
